Productora,País,Estado
Paramount Pictures,Estados Unidos,California
Warner Bros. Pictures,Estados Unidos,California
Universal Pictures,Estados Unidos,California
20th Century Fox,Estados Unidos,California
IFC Films,Estados Unidos,New York
Sony Pictures Home Entertainment,Estados Unidos,California
Warner Home Video,Estados Unidos,California
MGM,Estados Unidos,California
MGM Home Entertainment,Estados Unidos,California
Sony Pictures Classics,Estados Unidos,California
Columbia Pictures,Estados Unidos,California
Magnolia Pictures,Estados Unidos,Texas
Sony Pictures,Estados Unidos,California
United Artists,Estados Unidos,California
WARNER BROTHERS PICTURES,Estados Unidos,California
Twentieth Century Fox Home Entertainment,Estados Unidos,California
MCA Universal Home Video,Estados Unidos,California
Miramax,Estados Unidos,California
Miramax Films,Estados Unidos,California
Paramount Home Video,Estados Unidos,California
New Line Cinema,Estados Unidos,California
Lionsgate,Estados Unidos,California
Focus Features,Estados Unidos,California
Walt Disney Pictures,Estados Unidos,California
Sony Pictures Entertainment,Estados Unidos,California
Warner Bros.,Estados Unidos,California
Buena Vista Pictures,Estados Unidos,California
Netflix,Estados Unidos,California
Samuel Goldwyn Films,Estados Unidos,California
Criterion Collection,Estados Unidos,New York
Buena Vista,Estados Unidos,California
Lionsgate Films,Estados Unidos,California
Vertical Entertainment,Estados Unidos,California
Roadside Attractions,Estados Unidos,California
Anchor Bay Entertainment,Estados Unidos,Michigan
The Weinstein Company,Estados Unidos,New York
Strand Releasing,Estados Unidos,California
Gravitas Ventures,Estados Unidos,Ohio
Fox Searchlight Pictures,Estados Unidos,California
Music Box Films,Estados Unidos,Illinois
Touchstone Pictures,Estados Unidos,California
Freestyle Releasing,Estados Unidos,California
HBO Video,Estados Unidos,New York
Lions Gate Films,Estados Unidos,California
Film Movement,Estados Unidos,New York
First Run Features,Estados Unidos,New York
Fox,Estados Unidos,California
Saban Films,Estados Unidos,California
Summit Entertainment,Estados Unidos,California
Fox Searchlight,Estados Unidos,California
New Line Home Entertainment,Estados Unidos,California
Cohen Media Group,Estados Unidos,New York
Independent Pictures,Estados Unidos,California
Universal Studios,Estados Unidos,California
LionsGate Entertainment,Estados Unidos,California
Screen Media Films,Estados Unidos,New York
20th Century Fox Film Corporation,Estados Unidos,California
Live Home Video,Estados Unidos,California
Trimark,Estados Unidos,California
Artisan Entertainment,Estados Unidos,California
IFC Midnight,Estados Unidos,New York
TriStar Pictures,Estados Unidos,California
Walt Disney Productions,Estados Unidos,California
Kino Lorber,Estados Unidos,New York
Well Go USA,Estados Unidos,Texas
Open Road Films,Estados Unidos,California
Regent Releasing,Estados Unidos,California
Media Home Entertainment,Estados Unidos,California
Universal,Estados Unidos,California
Monterey Media,Estados Unidos,California
Paramount,Estados Unidos,California
Paramount Classics,Estados Unidos,California
Screen Gems,Estados Unidos,California
A24,Estados Unidos,New York
Image Entertainment,Estados Unidos,California
Relativity Media,Estados Unidos,California
Drafthouse Films,Estados Unidos,Texas
Kino International,Estados Unidos,New York
Phase 4 Films,Estados Unidos,California
ThinkFilm,Estados Unidos,New York
Orion Home Video,Estados Unidos,California
Zeitgeist Films,Estados Unidos,New York
Hollywood Pictures,Estados Unidos,California
IFC First Take,Estados Unidos,New York
Oscilloscope Pictures,Estados Unidos,New York
The Orchard,Estados Unidos,California
MGM/UA,Estados Unidos,California
Variance Films,Estados Unidos,New York
Xlrator Media,Estados Unidos,California
Dimension Films,Estados Unidos,California
Dreamworks,Estados Unidos,California
Radius-TWC,Estados Unidos,New York
Disney,Estados Unidos,California
GKIDS,Estados Unidos,New York
Momentum Pictures,Estados Unidos,California
Twentieth Century Fox,Estados Unidos,California
Vestron Video,Estados Unidos,California
Cinedigm,Estados Unidos,California
DreamWorks SKG,Estados Unidos,California
Breaking Glass Pictures,Estados Unidos,Pennsylvania
Fine Line Features,Estados Unidos,California
Palm Pictures,Estados Unidos,New York
Well Go USA Entertainment,Estados Unidos,Texas
A24 and DIRECTV,Estados Unidos,New York
Arc Entertainment,Estados Unidos,California
CBS Films,Estados Unidos,California
Oscilloscope Laboratories,Estados Unidos,New York
Paramount Studios,Estados Unidos,California
Cinema Guild,Estados Unidos,New York
First Look Pictures,Estados Unidos,California
Picturehouse,Estados Unidos,California
RLJE Films,Estados Unidos,California
Sundance Selects,Estados Unidos,New York
The Film Arcade,Estados Unidos,California
The Weinstein Co.,Estados Unidos,New York
Tribeca Film,Estados Unidos,New York
Tribeca Films,Estados Unidos,New York
Anchor Bay Films,Estados Unidos,Michigan
Dark Sky Films,Estados Unidos,Illinois
Entertainment One,Canadá,Ontario
Lionsgate Premiere,Estados Unidos,California
Magnet Releasing,Estados Unidos,Texas
NEON,Estados Unidos,New York
Paramount Vantage,Estados Unidos,California
Warner Independent Pictures,Estados Unidos,California
Yash Raj Films,India,Maharashtra
